{
  "rmse": 1.0424655457267293,
  "mae": 0.8097612950473413,
  "precision@5": 0.012440191387559809,
  "recall@5": 0.06220095693779904,
  "precision@10": 0.0071770334928229675,
  "recall@10": 0.07177033492822966,
  "precision@20": 0.007894736842105263,
  "recall@20": 0.15789473684210525
}