{
  "model_type": "LogisticRegression",
  "feature_order": [
    "mf_score",
    "popularity_score",
    "rating_score",
    "content_score"
  ],
  "n_features": 4,
  "n_classes": 2,
  "coefficients": [
    7.962818267610437,
    -0.5733657933618023,
    7.2356720355016755,
    0.0
  ],
  "intercept": -3.893070731477184
}